Voltage (V),Current (A)
0.0,-5e-09
1.0,0.00010199699999999999
2.0,0.000204114
3.0,0.000306164
